{
    "test_loss": 0.27125054597854614,
    "test_fpr": 0.021256685256958008,
    "test_precision": 0.8221476674079895,
    "test_recall": 0.5100624561309814,
    "test_accuracy": 0.9030377864837646,
    "test_f1": 0.6295503377914429
}